{
    "name": "QuickLinks",
    "desc": "Sample QuickLinks module",
    "type": [
        "native"
    ],
    "skipTest": true
	
	"commandsViewModel": {
		schemaVersion": "1.0.0",
		"commands": {
			"cmdQuickLinks": {
				"iconId": "cmdWalk",
				"isGroup": false,
				"title": "{{i18n.QuickLinksTitle}}"
			}
		},
		
		"commandHandlers": {
			"cmdQuickLinksHandler": {
				"id": "cmdQuickLinks",
				"action": "quickLinksAction",
				"activeWhen": true,
				"visibleWhen": true
			}
		},
		
		"commandPlacements": {
			"cmdQuickLinksPlacement": {
				"id": "cmdQuickLinks",
				"uiAnchor": "aw_navigation",
				"priority": 100
			}
		},
		
		"actions": {
			"quickLinksAction": {
				"actionType": "JSFunction",
				"method": "activateCommandPanel",
				"deps": "js/commandPanel.service",
				"inputData": {
					"commandId": "cmdQuickLinks",
					"location": "aw_navigation"
				}
			}
		},
		
		"i18n": {
			"QuickLinksTitle": ["quickLinksMessages"]
		}
	}
}